<?xml version="1.0" encoding="UTF-8"?>
<project-private xmlns="http://www.netbeans.org/ns/project-private/1">
    <editor-bookmarks xmlns="http://www.netbeans.org/ns/editor-bookmarks/2" lastBookmarkId="0"/>
    <open-files xmlns="http://www.netbeans.org/ns/projectui-open-files/2">
        <group>
            <file>file:/C:/Users/Tanak/OneDrive/Documents/Java%20Coursework/JavaCoursework/SystemsSoftwareCoursework/src/systemssoftwarecoursework/RegisterPage.java</file>
            <file>file:/C:/Users/Tanak/OneDrive/Documents/Java%20Coursework/JavaCoursework/SystemsSoftwareCoursework/src/systemssoftwarecoursework/Client.java</file>
            <file>file:/C:/Users/Tanak/OneDrive/Documents/Java%20Coursework/JavaCoursework/SystemsSoftwareCoursework/src/systemssoftwarecoursework/LoginPage.java</file>
            <file>file:/C:/Users/Tanak/OneDrive/Documents/Java%20Coursework/JavaCoursework/SystemsSoftwareCoursework/src/systemssoftwarecoursework/MutliThreadedServer.java</file>
            <file>file:/C:/Users/Tanak/OneDrive/Documents/Java%20Coursework/JavaCoursework/SystemsSoftwareCoursework/src/systemssoftwarecoursework/RegisterPageBrad.java</file>
            <file>file:/C:/Users/Tanak/OneDrive/Documents/Java%20Coursework/JavaCoursework/SystemsSoftwareCoursework/src/systemssoftwarecoursework/LoginPageBrad.java</file>
        </group>
    </open-files>
</project-private>
